Taxon	TaxID	Fragments	PropTotal	PropNonHost
Pseudomonas	286	8	1.5180265654648955e-6	0.36363636363636365
Delftia	80865	4	7.590132827324478e-7	0.18181818181818182
Corynebacterium	1716	4	7.590132827324478e-7	0.18181818181818182
Halopseudomonas	2901189	3	5.692599620493359e-7	0.13636363636363635
Methylorubrum	2282523	3	5.692599620493359e-7	0.13636363636363635
