Taxon	TaxID	Fragments	PropTotal	PropNonHost
Cutibacterium	1912216	6	1.25e-6	0.4
Pseudomonas	286	5	1.0416666666666667e-6	0.3333333333333333
Tetrasphaera	99479	2	4.1666666666666667e-7	0.13333333333333333
Elizabethkingia	308865	2	4.1666666666666667e-7	0.13333333333333333
