Taxon	TaxID	Fragments	PropTotal	PropNonHost
Cutibacterium	1912216	14	2.2082018927444797e-6	0.45161290322580644
Corynebacterium	1716	8	1.2618296529968455e-6	0.25806451612903225
Stenotrophomonas	40323	3	4.7318611987381705e-7	0.0967741935483871
Modestobacter	88138	2	3.1545741324921137e-7	0.06451612903225806
Lactococcus	1357	2	3.1545741324921137e-7	0.06451612903225806
Pseudomonas	286	2	3.1545741324921137e-7	0.06451612903225806
