Taxon	TaxID	Fragments	PropTotal	PropNonHost
Sutterella	40544	3	3.8560411311053987e-7	0.2727272727272727
Xanthomonas	338	2	2.570694087403599e-7	0.18181818181818182
Pseudomonas	286	2	2.570694087403599e-7	0.18181818181818182
Corynebacterium	1716	2	2.570694087403599e-7	0.18181818181818182
Actinomyces	1654	2	2.570694087403599e-7	0.18181818181818182
