Taxon	TaxID	Fragments	PropTotal	PropNonHost
Caulobacter	75	8	1.084010840108401e-6	0.32
Klebsiella	570	6	8.130081300813008e-7	0.24
Streptomyces	1883	5	6.775067750677507e-7	0.2
Staphylococcus	1279	4	5.420054200542005e-7	0.16
Brevibacterium	1696	2	2.7100271002710025e-7	0.08
