Taxon	TaxID	Fragments	PropTotal	PropNonHost
Clostridium	1485	9	1.1642949547218628e-6	0.34615384615384615
Klebsiella	570	7	9.055627425614489e-7	0.2692307692307692
Cutibacterium	1912216	6	7.761966364812419e-7	0.23076923076923078
Halomonas	2745	2	2.58732212160414e-7	0.07692307692307693
Massilia	149698	2	2.58732212160414e-7	0.07692307692307693
