Taxon	TaxID	Fragments	PropTotal	PropNonHost
Pseudomonas	286	7	1.3282732447817837e-6	0.2
Brevundimonas	41275	6	1.1385199240986718e-6	0.17142857142857143
Massilia	149698	5	9.487666034155598e-7	0.14285714285714285
Achromobacter	222	4	7.590132827324478e-7	0.11428571428571428
Cutibacterium	1912216	4	7.590132827324478e-7	0.11428571428571428
Klebsiella	570	3	5.692599620493359e-7	0.08571428571428572
Variovorax	34072	2	3.795066413662239e-7	0.05714285714285714
Micrococcus	1269	2	3.795066413662239e-7	0.05714285714285714
Gardnerella	2701	2	3.795066413662239e-7	0.05714285714285714
