Taxon	TaxID	Fragments	PropTotal	PropNonHost
Delftia	80865	3	4.8e-7	0.42857142857142855
Leifsonia	110932	2	3.2e-7	0.2857142857142857
Pseudomonas	286	2	3.2e-7	0.2857142857142857
