Taxon	TaxID	Fragments	PropTotal	PropNonHost
Pseudomonas	286	5	1.1210762331838566e-6	0.5555555555555556
Leifsonia	110932	2	4.484304932735426e-7	0.2222222222222222
Streptomyces	1883	2	4.484304932735426e-7	0.2222222222222222
