Taxon	TaxID	Fragments	PropTotal	PropNonHost
Delftia	80865	4	7.005253940455342e-7	0.3076923076923077
Pseudonocardia	1847	3	5.253940455341506e-7	0.23076923076923078
Comamonas	283	2	3.502626970227671e-7	0.15384615384615385
Acinetobacter	469	2	3.502626970227671e-7	0.15384615384615385
Lysobacter	68	2	3.502626970227671e-7	0.15384615384615385
