Taxon	TaxID	Fragments	PropTotal	PropNonHost
Pseudomonas	286	3	7.109004739336493e-7	0.375
Cutibacterium	1912216	3	7.109004739336493e-7	0.375
Corynebacterium	1716	2	4.739336492890995e-7	0.25
