Taxon	TaxID	Fragments	PropTotal	PropNonHost
Pseudomonas	286	8	1.0050251256281407e-6	0.34782608695652173
Cutibacterium	1912216	5	6.28140703517588e-7	0.21739130434782608
Stenotrophomonas	40323	3	3.7688442211055275e-7	0.13043478260869565
Streptococcus	1301	3	3.7688442211055275e-7	0.13043478260869565
Pseudonocardia	1847	2	2.5125628140703517e-7	0.08695652173913043
Streptomyces	1883	2	2.5125628140703517e-7	0.08695652173913043
