Taxon	TaxID	Fragments	PropTotal	PropNonHost
Pseudomonas	286	5	7.451564828614009e-7	0.3333333333333333
Alcaligenes	507	3	4.4709388971684053e-7	0.2
Phycicoccus	367298	3	4.4709388971684053e-7	0.2
Halomonas	2745	2	2.9806259314456035e-7	0.13333333333333333
Cutibacterium	1912216	2	2.9806259314456035e-7	0.13333333333333333
