Taxon	TaxID	Fragments	PropTotal	PropNonHost
Actinobacteria	201174	1000	0.0003401568803532189	0.5241090146750524
Proteobacteria	1224	815	0.0002772278574878734	0.4271488469601677
Firmicutes	1239	54	1.836847153907382e-5	0.02830188679245283
Bacteroidetes	976	19	6.462980726711159e-6	0.009958071278825996
Deinococcus-Thermus	1297	8	2.721255042825751e-6	0.0041928721174004195
Euryarchaeota	28890	7	2.3810981624725324e-6	0.003668763102725367
Chloroflexi	200795	5	1.7007844017660944e-6	0.002620545073375262
