Taxon	TaxID	Fragments	PropTotal	PropNonHost
Proteobacteria	1224	42	6.7851373182552505e-6	0.3925233644859813
Firmicutes	1239	40	6.462035541195477e-6	0.37383177570093457
Actinobacteria	201174	15	2.4232633279483036e-6	0.14018691588785046
Bacteroidetes	976	6	9.693053311793215e-7	0.056074766355140186
Deinococcus-Thermus	1297	4	6.462035541195476e-7	0.037383177570093455
