Taxon	TaxID	Fragments	PropTotal	PropNonHost
Proteobacteria	1224	44	8.19366852886406e-6	0.7333333333333333
Actinobacteria	201174	16	2.9795158286778396e-6	0.26666666666666666
