Taxon	TaxID	Fragments	PropTotal	PropNonHost
Proteobacteria	1224	559	7.03327253767519e-5	0.5114364135407137
Actinobacteria	201174	245	3.0825613089989655e-5	0.22415370539798718
Firmicutes	1239	208	2.617031641925652e-5	0.19030192131747484
Bacteroidetes	976	53	6.668397933752864e-6	0.0484903934126258
Fusobacteria	32066	17	2.1389200919584657e-6	0.01555352241537054
Acidobacteria	57723	4	5.032753157549331e-7	0.0036596523330283625
Chloroflexi	200795	3	3.7745648681619984e-7	0.0027447392497712718
Deinococcus-Thermus	1297	2	2.5163765787746654e-7	0.0018298261665141812
Planctomycetes	203682	2	2.5163765787746654e-7	0.0018298261665141812
