Taxon	TaxID	Fragments	PropTotal	PropNonHost
Firmicutes	1239	226	5.148063781321185e-5	0.7220447284345048
Proteobacteria	1224	44	1.0022779043280183e-5	0.14057507987220447
Actinobacteria	201174	38	8.656036446469249e-6	0.12140575079872204
Bacteroidetes	976	3	6.83371298405467e-7	0.009584664536741214
Deinococcus-Thermus	1297	2	4.5558086560364467e-7	0.006389776357827476
