Taxon	TaxID	Fragments	PropTotal	PropNonHost
Proteobacteria	1224	628	0.00022786374473745416	0.5975261655566128
Actinobacteria	201174	374	0.00013570229384045836	0.3558515699333968
Bacteroidetes	976	19	6.893966799381575e-6	0.01807802093244529
Firmicutes	1239	14	5.079765010070634e-6	0.013320647002854425
Euryarchaeota	28890	8	2.9027228628975054e-6	0.007611798287345386
Verrucomicrobia	74201	4	1.4513614314487527e-6	0.003805899143672693
Planctomycetes	203682	2	7.256807157243764e-7	0.0019029495718363464
Thermodesulfobacteria	200940	2	7.256807157243764e-7	0.0019029495718363464
