Taxon	TaxID	Fragments	PropTotal	PropNonHost
Proteobacteria	1224	379	0.00030296296177870436	0.6064
Actinobacteria	201174	193	0.0001542792918820315	0.3088
Firmicutes	1239	23	1.8385615094749868e-5	0.0368
Bacteroidetes	976	20	1.5987491386739016e-5	0.032
Chloroflexi	200795	4	3.197498277347803e-6	0.0064
Deinococcus-Thermus	1297	3	2.398123708010852e-6	0.0048
Planctomycetes	203682	3	2.398123708010852e-6	0.0048
