Taxon	TaxID	Fragments	PropTotal	PropNonHost
Proteobacteria	1224	1177	0.0005015254555061273	0.6695108077360638
Actinobacteria	201174	441	0.00018791225648105537	0.2508532423208191
Firmicutes	1239	89	3.792333520819485e-5	0.05062571103526735
Bacteroidetes	976	33	1.4061461369330674e-5	0.01877133105802048
Deinococcus-Thermus	1297	6	2.5566293398783046e-6	0.0034129692832764505
Euryarchaeota	28890	4	1.7044195599188697e-6	0.0022753128555176336
Crenarchaeota	28889	3	1.2783146699391523e-6	0.0017064846416382253
Uroviricota	2731618	3	1.2783146699391523e-6	0.0017064846416382253
Planctomycetes	203682	2	8.522097799594348e-7	0.0011376564277588168
