Taxon	TaxID	Fragments	PropTotal	PropNonHost
Proteobacteria	1224	110	0.00011816382017185316	0.5392156862745098
Actinobacteria	201174	71	7.626937483819614e-5	0.3480392156862745
Bacteroidetes	976	16	1.718746475226955e-5	0.0784313725490196
Firmicutes	1239	5	5.371082735084235e-6	0.024509803921568627
Coprothermobacterota	2138240	2	2.1484330940336937e-6	0.00980392156862745
