Taxon	TaxID	Fragments	PropTotal	PropNonHost
Proteobacteria	1224	641	9.816232771822358e-5	0.603578154425612
Actinobacteria	201174	374	5.7274119448698316e-5	0.352165725047081
Firmicutes	1239	14	2.1439509954058193e-6	0.013182674199623353
Pisuviricota	2732408	12	1.8376722817764166e-6	0.011299435028248588
Planctomycetes	203682	10	1.5313935681470138e-6	0.009416195856873822
Deinococcus-Thermus	1297	3	4.5941807044410415e-7	0.002824858757062147
Euryarchaeota	28890	3	4.5941807044410415e-7	0.002824858757062147
Duplornaviricota	2732405	3	4.5941807044410415e-7	0.002824858757062147
Bacteroidetes	976	2	3.0627871362940276e-7	0.0018832391713747645
