Taxon	TaxID	Fragments	PropTotal	PropNonHost
Proteobacteria	1224	31	4.200542005420054e-6	0.7380952380952381
Actinobacteria	201174	8	1.084010840108401e-6	0.19047619047619047
Firmicutes	1239	3	4.065040650406504e-7	0.07142857142857142
