Taxon	TaxID	Fragments	PropTotal	PropNonHost
Proteobacteria	1224	97	2.912912912912913e-5	0.49238578680203043
Actinobacteria	201174	48	1.4414414414414414e-5	0.2436548223350254
Firmicutes	1239	32	9.60960960960961e-6	0.16243654822335024
Bacteroidetes	976	17	5.105105105105105e-6	0.08629441624365482
Peploviricota	2731361	3	9.009009009009009e-7	0.015228426395939087
