Taxon	TaxID	Fragments	PropTotal	PropNonHost
Proteobacteria	1224	119	2.199630314232902e-5	0.6197916666666666
Actinobacteria	201174	56	1.0351201478743069e-5	0.2916666666666667
Bacteroidetes	976	12	2.2181146025878004e-6	0.0625
Firmicutes	1239	5	9.242144177449168e-7	0.026041666666666668
