Taxon	TaxID	Fragments	PropTotal	PropNonHost
Proteobacteria	1224	16	3.3333333333333333e-6	0.5714285714285714
Actinobacteria	201174	10	2.0833333333333334e-6	0.35714285714285715
Bacteroidetes	976	2	4.1666666666666667e-7	0.07142857142857142
