Taxon	TaxID	Fragments	PropTotal	PropNonHost
Proteobacteria	1224	377	0.0002923260156196691	0.6768402154398564
Actinobacteria	201174	169	0.00013104269665709307	0.30341113105924594
Firmicutes	1239	7	5.427804003548233e-6	0.012567324955116697
Cyanobacteria	1117	2	1.5508011438709238e-6	0.003590664272890485
Bacteroidetes	976	2	1.5508011438709238e-6	0.003590664272890485
