Taxon	TaxID	Fragments	PropTotal	PropNonHost
Proteobacteria	1224	452	7.284952865387932e-5	0.5847347994825356
Actinobacteria	201174	230	3.706945042122178e-5	0.2975420439844761
Firmicutes	1239	47	7.5750616078148845e-6	0.06080206985769728
Bacteroidetes	976	18	2.9010874242695303e-6	0.02328589909443726
Fusobacteria	32066	14	2.2564013299874123e-6	0.018111254851228976
Deinococcus-Thermus	1297	8	1.2893721885642358e-6	0.01034928848641656
Acidobacteria	57723	2	3.2234304714105894e-7	0.00258732212160414
Euryarchaeota	28890	2	3.2234304714105894e-7	0.00258732212160414
