Taxon	TaxID	Fragments	PropTotal	PropNonHost
Proteobacteria	1224	35	6.6413662239089185e-6	0.6481481481481481
Actinobacteria	201174	15	2.8462998102466794e-6	0.2777777777777778
Firmicutes	1239	4	7.590132827324478e-7	0.07407407407407407
