Taxon	TaxID	Fragments	PropTotal	PropNonHost
Proteobacteria	1224	73	1.8481012658227847e-5	0.6083333333333333
Actinobacteria	201174	37	9.367088607594937e-6	0.30833333333333335
Firmicutes	1239	10	2.531645569620253e-6	0.08333333333333333
