Taxon	TaxID	Fragments	PropTotal	PropNonHost
Actinobacteria	201174	28	4.416403785488959e-6	0.6829268292682927
Proteobacteria	1224	8	1.2618296529968455e-6	0.1951219512195122
Firmicutes	1239	5	7.886435331230284e-7	0.12195121951219512
