Taxon	TaxID	Fragments	PropTotal	PropNonHost
Proteobacteria	1224	251	3.082620492696093e-5	0.5615212527964206
Actinobacteria	201174	152	1.8667661947801043e-5	0.3400447427293065
Firmicutes	1239	31	3.807220528827844e-6	0.06935123042505593
Bacteroidetes	976	11	1.3509492199066543e-6	0.024608501118568233
Euryarchaeota	28890	2	2.4562713089211895e-7	0.0044742729306487695
