Taxon	TaxID	Fragments	PropTotal	PropNonHost
Proteobacteria	1224	476	0.00021390470455536132	0.6181818181818182
Actinobacteria	201174	164	7.369825955268751e-5	0.21298701298701297
Firmicutes	1239	74	3.325409272499315e-5	0.09610389610389611
Bacteroidetes	976	46	2.067146304526601e-5	0.05974025974025974
Deinococcus-Thermus	1297	3	1.348138894256479e-6	0.003896103896103896
Fusobacteria	32066	3	1.348138894256479e-6	0.003896103896103896
Acidobacteria	57723	2	8.987592628376526e-7	0.0025974025974025974
Peploviricota	2731361	2	8.987592628376526e-7	0.0025974025974025974
