Taxon	TaxID	Fragments	PropTotal	PropNonHost
Proteobacteria	1224	539	0.00031946230759656477	0.7101449275362319
Actinobacteria	201174	190	0.00011261194516390965	0.2503293807641634
Firmicutes	1239	12	7.112333378773241e-6	0.015810276679841896
Bacteroidetes	976	9	5.334250034079931e-6	0.011857707509881422
Cyanobacteria	1117	3	1.7780833446933103e-6	0.003952569169960474
Verrucomicrobia	74201	3	1.7780833446933103e-6	0.003952569169960474
Acidobacteria	57723	3	1.7780833446933103e-6	0.003952569169960474
