Taxon	TaxID	Fragments	PropTotal	PropNonHost
Proteobacteria	1224	336	2.562498460403641e-5	0.509090909090909
Actinobacteria	201174	288	2.1964272517745493e-5	0.43636363636363634
Firmicutes	1239	23	1.754091208014397e-6	0.03484848484848485
Bacteroidetes	976	6	4.5758901078636444e-7	0.00909090909090909
Euryarchaeota	28890	4	3.0505934052424293e-7	0.006060606060606061
Deinococcus-Thermus	1297	3	2.2879450539318222e-7	0.004545454545454545
