Taxon	TaxID	Fragments	PropTotal	PropNonHost
Proteobacteria	1224	70	1.0086455331412104e-5	0.6363636363636364
Actinobacteria	201174	35	5.043227665706052e-6	0.3181818181818182
Firmicutes	1239	3	4.3227665706051876e-7	0.02727272727272727
Bacteroidetes	976	2	2.881844380403458e-7	0.01818181818181818
