Taxon	TaxID	Fragments	PropTotal	PropNonHost
Proteobacteria	1224	568	5.0381846498222176e-5	0.5886010362694301
Actinobacteria	201174	260	2.306211283369325e-5	0.2694300518134715
Firmicutes	1239	96	8.515241661671354e-6	0.09948186528497409
Bacteroidetes	976	12	1.0644052077089192e-6	0.012435233160621761
Deinococcus-Thermus	1297	10	8.870043397574327e-7	0.010362694300518135
Planctomycetes	203682	7	6.209030378302029e-7	0.007253886010362694
Cyanobacteria	1117	5	4.435021698787164e-7	0.0051813471502590676
Peploviricota	2731361	5	4.435021698787164e-7	0.0051813471502590676
Uroviricota	2731618	2	1.7740086795148654e-7	0.002072538860103627
