Taxon	TaxID	Fragments	PropTotal	PropNonHost
Proteobacteria	1224	42	8.4e-6	0.75
Actinobacteria	201174	12	2.4e-6	0.21428571428571427
Firmicutes	1239	2	4.0e-7	0.03571428571428571
