Taxon	TaxID	Fragments	PropTotal	PropNonHost
Proteobacteria	1224	50	8.726003490401396e-6	0.6329113924050633
Actinobacteria	201174	16	2.7923211169284467e-6	0.20253164556962025
Fusobacteria	32066	7	1.2216404886561954e-6	0.08860759493670886
Firmicutes	1239	6	1.0471204188481676e-6	0.0759493670886076
