Taxon	TaxID	Fragments	PropTotal	PropNonHost
Proteobacteria	1224	225	4.4031311154598824e-5	0.7450331125827815
Actinobacteria	201174	73	1.4285714285714285e-5	0.24172185430463577
Firmicutes	1239	4	7.827788649706458e-7	0.013245033112582781
