Taxon	TaxID	Fragments	PropTotal	PropNonHost
Proteobacteria	1224	262	8.175941263039378e-5	0.7891566265060241
Actinobacteria	201174	57	1.778735312951315e-5	0.1716867469879518
Firmicutes	1239	7	2.184411787834948e-6	0.02108433734939759
Deinococcus-Thermus	1297	6	1.8723529610013843e-6	0.018072289156626505
