Taxon	TaxID	Fragments	PropTotal	PropNonHost
Proteobacteria	1224	19	3.6750483558994195e-6	0.4634146341463415
Actinobacteria	201174	16	3.0947775628626693e-6	0.3902439024390244
Firmicutes	1239	4	7.736943907156673e-7	0.0975609756097561
Bacteroidetes	976	2	3.8684719535783366e-7	0.04878048780487805
