Taxon	TaxID	Fragments	PropTotal	PropNonHost
Proteobacteria	1224	15	1.928020565552699e-6	0.7142857142857143
Actinobacteria	201174	6	7.712082262210797e-7	0.2857142857142857
