Taxon	TaxID	Fragments	PropTotal	PropNonHost
Proteobacteria	1224	209	4.456289978678038e-5	0.7798507462686567
Actinobacteria	201174	50	1.0660980810234541e-5	0.1865671641791045
Firmicutes	1239	7	1.4925373134328358e-6	0.026119402985074626
Bacteroidetes	976	2	4.264392324093817e-7	0.007462686567164179
