Taxon	TaxID	Fragments	PropTotal	PropNonHost
Proteobacteria	1224	534	4.0189698386850234e-5	0.5334665334665335
Actinobacteria	201174	266	2.0019587585959105e-5	0.26573426573426573
Firmicutes	1239	151	1.1364502727367763e-5	0.15084915084915085
Bacteroidetes	976	24	1.8062785791842801e-6	0.023976023976023976
Peploviricota	2731361	18	1.35470893438821e-6	0.017982017982017984
Deinococcus-Thermus	1297	4	3.010464298640467e-7	0.003996003996003996
Crenarchaeota	28889	2	1.5052321493202335e-7	0.001998001998001998
Uroviricota	2731618	2	1.5052321493202335e-7	0.001998001998001998
