Taxon	TaxID	Fragments	PropTotal	PropNonHost
Proteobacteria	1224	747	0.0004930214692039783	0.567629179331307
Actinobacteria	201174	355	0.00023430069821608069	0.26975683890577506
Bacteroidetes	976	127	8.382024978434435e-5	0.09650455927051672
Firmicutes	1239	66	4.356012980918683e-5	0.05015197568389058
Euryarchaeota	28890	10	6.6000196680586106e-6	0.007598784194528876
Spirochaetes	203691	4	2.6400078672234443e-6	0.00303951367781155
Deinococcus-Thermus	1297	3	1.9800059004175833e-6	0.0022796352583586625
Fusobacteria	32066	2	1.3200039336117222e-6	0.001519756838905775
Verrucomicrobia	74201	2	1.3200039336117222e-6	0.001519756838905775
