Taxon	TaxID	Fragments	PropTotal	PropNonHost
Proteobacteria	1224	280	4.826842207425269e-5	0.5845511482254697
Actinobacteria	201174	150	2.5858083254063944e-5	0.31315240083507306
Firmicutes	1239	35	6.033552759281586e-6	0.07306889352818371
Bacteroidetes	976	5	8.619361084687981e-7	0.010438413361169102
Deinococcus-Thermus	1297	4	6.895488867750384e-7	0.008350730688935281
Euryarchaeota	28890	3	5.171616650812788e-7	0.006263048016701462
Peploviricota	2731361	2	3.447744433875192e-7	0.0041753653444676405
