Taxon	TaxID	Fragments	PropTotal	PropNonHost
Proteobacteria	1224	33	6.261859582542694e-6	0.825
Actinobacteria	201174	5	9.487666034155598e-7	0.125
Firmicutes	1239	2	3.795066413662239e-7	0.05
