Taxon	TaxID	Fragments	PropTotal	PropNonHost
Proteobacteria	1224	174	3.4931824321350942e-6	0.48467966573816157
Actinobacteria	201174	120	2.4090913325069613e-6	0.3342618384401114
Firmicutes	1239	54	1.0840910996281327e-6	0.15041782729805014
Bacteroidetes	976	7	1.4053032772957274e-7	0.019498607242339833
Deinococcus-Thermus	1297	2	4.0151522208449357e-8	0.005571030640668524
Euryarchaeota	28890	2	4.0151522208449357e-8	0.005571030640668524
