Taxon	TaxID	Fragments	PropTotal	PropNonHost
Proteobacteria	1224	10	1.6260162601626016e-6	0.5555555555555556
Actinobacteria	201174	6	9.756097560975609e-7	0.3333333333333333
Firmicutes	1239	2	3.252032520325203e-7	0.1111111111111111
