Taxon	TaxID	Fragments	PropTotal	PropNonHost
Proteobacteria	1224	1160	0.00044550922857004594	0.6391184573002755
Actinobacteria	201174	495	0.00019010954150187306	0.2727272727272727
Firmicutes	1239	71	2.7268237265925227e-5	0.03911845730027548
Bacteroidetes	976	65	2.4963879187114642e-5	0.03581267217630854
Planctomycetes	203682	10	3.8405967980176375e-6	0.005509641873278237
Deinococcus-Thermus	1297	6	2.3043580788105827e-6	0.003305785123966942
Euryarchaeota	28890	6	2.3043580788105827e-6	0.003305785123966942
Acidobacteria	57723	2	7.681193596035275e-7	0.0011019283746556473
