Taxon	TaxID	Fragments	PropTotal	PropNonHost
Firmicutes	1239	4431	0.001458274779646157	0.7965126730181556
Proteobacteria	1224	679	0.0002234639077814806	0.1220564443645515
Actinobacteria	201174	405	0.00013328848696833527	0.07280244472406974
Bacteroidetes	976	34	1.1189650757835554e-5	0.006111810174366349
Planctomycetes	203682	5	1.645536876152287e-6	0.0008987956138774043
Acidobacteria	57723	3	9.873221256913724e-7	0.0005392773683264426
Deinococcus-Thermus	1297	2	6.582147504609149e-7	0.0003595182455509617
Cyanobacteria	1117	2	6.582147504609149e-7	0.0003595182455509617
Euryarchaeota	28890	2	6.582147504609149e-7	0.0003595182455509617
