Taxon	TaxID	Fragments	PropTotal	PropNonHost
Proteobacteria	1224	52	4.333333333333333e-6	0.5306122448979592
Actinobacteria	201174	34	2.8333333333333335e-6	0.3469387755102041
Firmicutes	1239	6	5.0e-7	0.061224489795918366
Bacteroidetes	976	4	3.3333333333333335e-7	0.04081632653061224
Peploviricota	2731361	2	1.6666666666666668e-7	0.02040816326530612
