Taxon	TaxID	Fragments	PropTotal	PropNonHost
Proteobacteria	1224	435	5.1183028037356787e-5	0.49263873159682897
Actinobacteria	201174	239	2.8121249887191428e-5	0.2706681766704417
Firmicutes	1239	161	1.8943603480492972e-5	0.1823329558323896
Bacteroidetes	976	29	3.412201869157119e-6	0.03284258210645526
Fusobacteria	32066	11	1.294283467611321e-6	0.01245753114382786
Euryarchaeota	28890	3	3.52986400257633e-7	0.0033975084937712344
Uroviricota	2731618	3	3.52986400257633e-7	0.0033975084937712344
Deinococcus-Thermus	1297	2	2.35324266838422e-7	0.0022650056625141564
