Taxon	TaxID	Fragments	PropTotal	PropNonHost
Firmicutes	1239	145	2.0773638968481376e-5	0.6331877729257642
Proteobacteria	1224	61	8.739255014326647e-6	0.2663755458515284
Actinobacteria	201174	23	3.2951289398280802e-6	0.10043668122270742
