Taxon	TaxID	Fragments	PropTotal	PropNonHost
Proteobacteria	1224	772	0.0002174260807653398	0.658703071672355
Actinobacteria	201174	271	7.632444026866203e-5	0.23122866894197952
Bacteroidetes	976	66	1.8588240065430604e-5	0.05631399317406143
Firmicutes	1239	57	1.605348005650825e-5	0.04863481228668942
Deinococcus-Thermus	1297	4	1.1265600039654911e-6	0.0034129692832764505
Ignavibacteriae	1134404	2	5.632800019827456e-7	0.0017064846416382253
