Taxon	TaxID	Fragments	PropTotal	PropNonHost
Proteobacteria	1224	727	0.0004140185425636119	0.6003303055326177
Actinobacteria	201174	426	0.00024260233718307933	0.35177539223782
Firmicutes	1239	41	2.3349051231235335e-5	0.033856317093311314
Bacteroidetes	976	10	5.69489054420374e-6	0.008257638315441783
Planctomycetes	203682	5	2.84744527210187e-6	0.004128819157720892
Ignavibacteriae	1134404	2	1.138978108840748e-6	0.0016515276630883566
