Taxon	TaxID	Fragments	PropTotal	PropNonHost
Proteobacteria	1224	33	9.565217391304347e-6	0.6875
Actinobacteria	201174	11	3.188405797101449e-6	0.22916666666666666
Firmicutes	1239	4	1.1594202898550724e-6	0.08333333333333333
