Taxon	TaxID	Fragments	PropTotal	PropNonHost
Proteobacteria	1224	469	0.00014056671464117724	0.6389645776566758
Actinobacteria	201174	225	6.743605713062874e-5	0.3065395095367847
Firmicutes	1239	19	5.69460037991976e-6	0.025885558583106268
Bacteroidetes	976	7	2.0980106662862273e-6	0.009536784741144414
Deinococcus-Thermus	1297	4	1.1988632378778442e-6	0.005449591280653951
Spirochaetes	203691	3	8.991474284083832e-7	0.004087193460490463
Euryarchaeota	28890	3	8.991474284083832e-7	0.004087193460490463
Planctomycetes	203682	2	5.994316189389221e-7	0.0027247956403269754
Peploviricota	2731361	2	5.994316189389221e-7	0.0027247956403269754
