Taxon	TaxID	Fragments	PropTotal	PropNonHost
Proteobacteria	1224	8	1.28e-6	0.5714285714285714
Actinobacteria	201174	6	9.6e-7	0.42857142857142855
