Taxon	TaxID	Fragments	PropTotal	PropNonHost
Proteobacteria	1224	820	0.00034880703739466665	0.41858090862685043
Actinobacteria	201174	574	0.00024416492617626665	0.2930066360387953
Bacteroidetes	976	289	0.00012293321195982763	0.147524247064829
Firmicutes	1239	245	0.00010421673678255285	0.12506380806533945
Candidatus Saccharibacteria	95818	11	4.679118794318699e-6	0.005615109749872384
Fusobacteria	32066	11	4.679118794318699e-6	0.005615109749872384
Planctomycetes	203682	4	1.7014977433886178e-6	0.002041858090862685
Deinococcus-Thermus	1297	3	1.2761233075414634e-6	0.0015313935681470138
Cyanobacteria	1117	2	8.507488716943089e-7	0.0010209290454313426
