Taxon	TaxID	Fragments	PropTotal	PropNonHost
Actinobacteria	201174	395	0.00018384919711426575	0.48525798525798525
Proteobacteria	1224	378	0.00017593670002327206	0.4643734643734644
Firmicutes	1239	22	1.0239702117756574e-5	0.02702702702702703
Bacteroidetes	976	11	5.119851058878287e-6	0.013513513513513514
Deinococcus-Thermus	1297	2	9.308820107051431e-7	0.002457002457002457
Chloroflexi	200795	2	9.308820107051431e-7	0.002457002457002457
Verrucomicrobia	74201	2	9.308820107051431e-7	0.002457002457002457
Euryarchaeota	28890	2	9.308820107051431e-7	0.002457002457002457
