Taxon	TaxID	Fragments	PropTotal	PropNonHost
Proteobacteria	1224	429	0.00012677196324263179	0.619942196531792
Actinobacteria	201174	191	5.6441596688444453e-5	0.27601156069364163
Firmicutes	1239	44	1.3002252640269928e-5	0.06358381502890173
Deinococcus-Thermus	1297	15	4.4325861273647475e-6	0.02167630057803468
Bacteroidetes	976	11	3.250563160067482e-6	0.015895953757225433
Uroviricota	2731618	2	5.91011483648633e-7	0.002890173410404624
