Taxon	TaxID	Fragments	PropTotal	PropNonHost
Proteobacteria	1224	249	0.00016830442417581527	0.7175792507204611
Actinobacteria	201174	85	5.7453317489736135e-5	0.24495677233429394
Firmicutes	1239	5	3.379606911160949e-6	0.01440922190201729
Cyanobacteria	1117	3	2.0277641466965695e-6	0.008645533141210375
Planctomycetes	203682	3	2.0277641466965695e-6	0.008645533141210375
Bacteroidetes	976	2	1.3518427644643797e-6	0.005763688760806916
