Taxon	TaxID	Fragments	PropTotal	PropNonHost
Proteobacteria	1224	22	3.2786885245901638e-6	0.7586206896551724
Actinobacteria	201174	7	1.0432190760059612e-6	0.2413793103448276
