Taxon	TaxID	Fragments	PropTotal	PropNonHost
Proteobacteria	1224	229	3.754098360655738e-5	0.6505681818181818
Actinobacteria	201174	92	1.5081967213114754e-5	0.26136363636363635
Firmicutes	1239	20	3.2786885245901638e-6	0.056818181818181816
Bacteroidetes	976	8	1.3114754098360655e-6	0.022727272727272728
Euryarchaeota	28890	3	4.918032786885246e-7	0.008522727272727272
