Taxon	TaxID	Fragments	PropTotal	PropNonHost
Proteobacteria	1224	70	1.5384615384615384e-5	0.5185185185185185
Actinobacteria	201174	53	1.1648351648351648e-5	0.3925925925925926
Firmicutes	1239	12	2.6373626373626375e-6	0.08888888888888889
