Taxon	TaxID	Fragments	PropTotal	PropNonHost
Proteobacteria	1224	74	1.2959719789842381e-5	0.5522388059701493
Actinobacteria	201174	52	9.106830122591943e-6	0.3880597014925373
Firmicutes	1239	8	1.4010507880910683e-6	0.05970149253731343
