Taxon	TaxID	Fragments	PropTotal	PropNonHost
Proteobacteria	1224	456	6.31578947368421e-5	0.6395511921458625
Actinobacteria	201174	217	3.0055401662049862e-5	0.30434782608695654
Firmicutes	1239	22	3.0470914127423822e-6	0.030855539971949508
Duplornaviricota	2732405	5	6.925207756232687e-7	0.0070126227208976155
Pisuviricota	2732408	5	6.925207756232687e-7	0.0070126227208976155
Bacteroidetes	976	4	5.54016620498615e-7	0.005610098176718092
Acidobacteria	57723	2	2.770083102493075e-7	0.002805049088359046
Euryarchaeota	28890	2	2.770083102493075e-7	0.002805049088359046
