Taxon	TaxID	Fragments	PropTotal	PropNonHost
Proteobacteria	1224	142	1.8562091503267975e-5	0.6173913043478261
Actinobacteria	201174	88	1.1503267973856209e-5	0.3826086956521739
