Taxon	TaxID	Fragments	PropTotal	PropNonHost
Proteobacteria	1224	57	1.4766839378238342e-5	0.6063829787234043
Actinobacteria	201174	30	7.772020725388602e-6	0.3191489361702128
Firmicutes	1239	5	1.2953367875647669e-6	0.05319148936170213
Bacteroidetes	976	2	5.181347150259067e-7	0.02127659574468085
