Taxon	TaxID	Fragments	PropTotal	PropNonHost
Proteobacteria	1224	266	1.3806790677945603e-5	0.6909090909090909
Actinobacteria	201174	93	4.827186214469704e-6	0.24155844155844156
Firmicutes	1239	18	9.342941060263942e-7	0.046753246753246755
Deinococcus-Thermus	1297	5	2.595261405628873e-7	0.012987012987012988
Bacteroidetes	976	3	1.5571568433773237e-7	0.007792207792207792
