Taxon	TaxID	Fragments	PropTotal	PropNonHost
Proteobacteria	1224	144	0.0001493396387847487	0.6457399103139013
Actinobacteria	201174	64	6.637317279322164e-5	0.28699551569506726
Firmicutes	1239	15	1.5556212373411322e-5	0.06726457399103139
