Taxon	TaxID	Fragments	PropTotal	PropNonHost
Proteobacteria	1224	95	1.0857142857142858e-5	0.59375
Actinobacteria	201174	48	5.485714285714286e-6	0.3
Firmicutes	1239	13	1.4857142857142858e-6	0.08125
Bacteroidetes	976	4	4.5714285714285715e-7	0.025
