Taxon	TaxID	Fragments	PropTotal	PropNonHost
Proteobacteria	1224	11	2.4663677130044845e-6	0.6470588235294118
Actinobacteria	201174	6	1.3452914798206277e-6	0.35294117647058826
