Taxon	TaxID	Fragments	PropTotal	PropNonHost
Proteobacteria	1224	44	6.7588325652841786e-6	0.6376811594202898
Actinobacteria	201174	14	2.1505376344086023e-6	0.2028985507246377
Firmicutes	1239	9	1.3824884792626729e-6	0.13043478260869565
Bacteroidetes	976	2	3.0721966205837175e-7	0.028985507246376812
