Taxon	TaxID	Fragments	PropTotal	PropNonHost
Proteobacteria	1224	1374	0.00037981863798252724	0.6331797235023041
Actinobacteria	201174	700	0.00019350294511482464	0.3225806451612903
Firmicutes	1239	51	1.4098071715508653e-5	0.023502304147465437
Bacteroidetes	976	16	4.422924459767421e-6	0.007373271889400922
Planctomycetes	203682	13	3.593626123561029e-6	0.005990783410138249
Deinococcus-Thermus	1297	7	1.9350294511482463e-6	0.0032258064516129032
Uroviricota	2731618	5	1.382163893677319e-6	0.002304147465437788
Gemmatimonadetes	142182	2	5.528655574709276e-7	0.0009216589861751152
Euryarchaeota	28890	2	5.528655574709276e-7	0.0009216589861751152
