Taxon	TaxID	Fragments	PropTotal	PropNonHost
Proteobacteria	1224	13	3.080568720379147e-6	0.6190476190476191
Actinobacteria	201174	8	1.895734597156398e-6	0.38095238095238093
