Taxon	TaxID	Fragments	PropTotal	PropNonHost
Proteobacteria	1224	562	8.740279937791602e-5	0.6504629629629629
Actinobacteria	201174	169	2.6283048211508552e-5	0.19560185185185186
Pisuviricota	2732408	88	1.3685847589424572e-5	0.10185185185185185
Firmicutes	1239	26	4.0435458786936235e-6	0.03009259259259259
Bacteroidetes	976	9	1.3996889580093312e-6	0.010416666666666666
Deinococcus-Thermus	1297	5	7.776049766718507e-7	0.005787037037037037
Chloroflexi	200795	3	4.665629860031104e-7	0.003472222222222222
Planctomycetes	203682	2	3.1104199066874027e-7	0.0023148148148148147
