Taxon	TaxID	Fragments	PropTotal	PropNonHost
Proteobacteria	1224	370	3.354822634607498e-5	0.6218487394957983
Actinobacteria	201174	190	1.7227467583119585e-5	0.31932773109243695
Firmicutes	1239	18	1.6320758762955395e-6	0.030252100840336135
Deinococcus-Thermus	1297	9	8.160379381477697e-7	0.015126050420168067
Bacteroidetes	976	6	5.440252920985132e-7	0.010084033613445379
Euryarchaeota	28890	2	1.8134176403283772e-7	0.0033613445378151263
