Taxon	TaxID	Fragments	PropTotal	PropNonHost
Proteobacteria	1224	25	3.1407035175879398e-6	0.6097560975609756
Actinobacteria	201174	14	1.7587939698492463e-6	0.34146341463414637
Firmicutes	1239	2	2.5125628140703517e-7	0.04878048780487805
