Taxon	TaxID	Fragments	PropTotal	PropNonHost
Proteobacteria	1224	191	4.125269978401728e-5	0.5617647058823529
Actinobacteria	201174	129	2.7861771058315334e-5	0.37941176470588234
Firmicutes	1239	10	2.159827213822894e-6	0.029411764705882353
Bacteroidetes	976	8	1.7278617710583154e-6	0.023529411764705882
Euryarchaeota	28890	2	4.3196544276457885e-7	0.0058823529411764705
