Taxon	TaxID	Fragments	PropTotal	PropNonHost
Actinobacteria	201174	1688	0.00029876106194690267	0.82421875
Firmicutes	1239	187	3.309734513274336e-5	0.09130859375
Proteobacteria	1224	150	2.6548672566371683e-5	0.0732421875
Uroviricota	2731618	12	2.1238938053097345e-6	0.005859375
Bacteroidetes	976	11	1.9469026548672567e-6	0.00537109375
