Taxon	TaxID	Fragments	PropTotal	PropNonHost
Proteobacteria	1224	28	6.845965770171149e-6	0.5185185185185185
Actinobacteria	201174	26	6.3569682151589244e-6	0.48148148148148145
