Taxon	TaxID	Fragments	PropTotal	PropNonHost
Proteobacteria	1224	46	6.2755798090040925e-6	0.41818181818181815
Firmicutes	1239	37	5.04774897680764e-6	0.33636363636363636
Actinobacteria	201174	18	2.455661664392906e-6	0.16363636363636364
Fusobacteria	32066	6	8.185538881309687e-7	0.05454545454545454
Bacteroidetes	976	3	4.0927694406548433e-7	0.02727272727272727
