Taxon	TaxID	Fragments	PropTotal	PropNonHost
Proteobacteria	1224	27	5.162523900573614e-6	0.54
Actinobacteria	201174	21	4.015296367112811e-6	0.42
Firmicutes	1239	2	3.824091778202677e-7	0.04
