Taxon	TaxID	Fragments	PropTotal	PropNonHost
Proteobacteria	1224	450	7.03125e-5	0.680786686838124
Actinobacteria	201174	176	2.75e-5	0.26626323751891073
Firmicutes	1239	20	3.125e-6	0.030257186081694403
Pisuviricota	2732408	9	1.40625e-6	0.01361573373676248
Duplornaviricota	2732405	4	6.25e-7	0.006051437216338881
Deinococcus-Thermus	1297	2	3.125e-7	0.0030257186081694403
