Taxon	TaxID	Fragments	PropTotal	PropNonHost
Proteobacteria	1224	417	4.51888454856831e-5	0.5537848605577689
Actinobacteria	201174	235	2.5466135945169133e-5	0.31208499335989376
Firmicutes	1239	73	7.910757123392964e-6	0.09694555112881806
Bacteroidetes	976	12	1.3003984312426792e-6	0.01593625498007968
Fusobacteria	32066	11	1.1920318953057892e-6	0.014608233731739707
Cyanobacteria	1117	3	3.250996078106698e-7	0.00398406374501992
Peploviricota	2731361	2	2.1673307187377987e-7	0.0026560424966799467
