Taxon	TaxID	Fragments	PropTotal	PropNonHost
Proteobacteria	1224	410	6.366459627329192e-5	0.7606679035250464
Actinobacteria	201174	90	1.3975155279503105e-5	0.16697588126159554
Firmicutes	1239	15	2.329192546583851e-6	0.027829313543599257
Pisuviricota	2732408	14	2.1739130434782607e-6	0.025974025974025976
Deinococcus-Thermus	1297	3	4.658385093167702e-7	0.0055658627087198514
Duplornaviricota	2732405	3	4.658385093167702e-7	0.0055658627087198514
Cyanobacteria	1117	2	3.1055900621118013e-7	0.0037105751391465678
Euryarchaeota	28890	2	3.1055900621118013e-7	0.0037105751391465678
