Taxon	TaxID	Fragments	PropTotal	PropNonHost
Proteobacteria	1224	920	0.00012283044058744992	0.6666666666666666
Actinobacteria	201174	386	5.153538050734312e-5	0.2797101449275362
Firmicutes	1239	31	4.138851802403204e-6	0.02246376811594203
Cyanobacteria	1117	18	2.403204272363151e-6	0.013043478260869565
Pisuviricota	2732408	9	1.2016021361815755e-6	0.006521739130434782
Bacteroidetes	976	8	1.068090787716956e-6	0.005797101449275362
Planctomycetes	203682	4	5.34045393858478e-7	0.002898550724637681
Euryarchaeota	28890	4	5.34045393858478e-7	0.002898550724637681
