Taxon	TaxID	Fragments	PropTotal	PropNonHost
Proteobacteria	1224	323	9.427232853235205e-5	0.5970425138632163
Actinobacteria	201174	196	5.720549966669041e-5	0.36229205175600737
Firmicutes	1239	6	1.7511887653068492e-6	0.011090573012939002
Bacteroidetes	976	6	1.7511887653068492e-6	0.011090573012939002
Euryarchaeota	28890	4	1.1674591768712327e-6	0.0073937153419593345
Deinococcus-Thermus	1297	3	8.755943826534246e-7	0.005545286506469501
Gemmatimonadetes	142182	3	8.755943826534246e-7	0.005545286506469501
