Taxon	TaxID	Fragments	PropTotal	PropNonHost
Proteobacteria	1224	20	2.5873221216041398e-6	0.46511627906976744
Actinobacteria	201174	12	1.5523932729624839e-6	0.27906976744186046
Firmicutes	1239	9	1.1642949547218628e-6	0.20930232558139536
Bacteroidetes	976	2	2.58732212160414e-7	0.046511627906976744
