Taxon	TaxID	Fragments	PropTotal	PropNonHost
Proteobacteria	1224	89	1.9955156950672647e-5	0.6312056737588653
Actinobacteria	201174	41	9.192825112107624e-6	0.2907801418439716
Firmicutes	1239	6	1.3452914798206277e-6	0.0425531914893617
Bacteroidetes	976	5	1.1210762331838566e-6	0.03546099290780142
