Taxon	TaxID	Fragments	PropTotal	PropNonHost
Firmicutes	1239	1687	3.646790663169639e-5	0.7088235294117647
Proteobacteria	1224	428	9.252083010294045e-6	0.17983193277310924
Actinobacteria	201174	198	4.280169243079955e-6	0.08319327731092437
Bacteroidetes	976	50	1.0808508189595848e-6	0.02100840336134454
Deinococcus-Thermus	1297	12	2.5940419655030035e-7	0.005042016806722689
Euryarchaeota	28890	5	1.0808508189595846e-7	0.0021008403361344537
