Taxon	TaxID	Fragments	PropTotal	PropNonHost
Proteobacteria	1224	24	5.321507760532151e-6	0.48
Actinobacteria	201174	18	3.991130820399113e-6	0.36
Firmicutes	1239	5	1.1086474501108648e-6	0.1
Fusobacteria	32066	3	6.651884700665189e-7	0.06
