Taxon	TaxID	Fragments	PropTotal	PropNonHost
Proteobacteria	1224	84	1.6633663366336632e-5	0.5753424657534246
Actinobacteria	201174	57	1.1287128712871288e-5	0.3904109589041096
Firmicutes	1239	3	5.940594059405941e-7	0.02054794520547945
Cyanobacteria	1117	2	3.9603960396039606e-7	0.0136986301369863
