Taxon	TaxID	Fragments	PropTotal	PropNonHost
Proteobacteria	1224	915	4.640316632892938e-5	0.746938775510204
Actinobacteria	201174	275	1.3946306820170031e-5	0.22448979591836735
Firmicutes	1239	19	9.635630166662931e-7	0.015510204081632653
Bacteroidetes	976	16	8.114214877189837e-7	0.013061224489795919
