Taxon	TaxID	Fragments	PropTotal	PropNonHost
Proteobacteria	1224	663	0.00010247295208655332	0.7113733905579399
Actinobacteria	201174	222	3.4312210200927356e-5	0.23819742489270387
Firmicutes	1239	25	3.863987635239567e-6	0.02682403433476395
Pisuviricota	2732408	10	1.5455950540958269e-6	0.01072961373390558
Duplornaviricota	2732405	6	9.273570324574961e-7	0.006437768240343348
Chloroflexi	200795	4	6.182380216383307e-7	0.004291845493562232
Bacteroidetes	976	2	3.0911901081916536e-7	0.002145922746781116
