Taxon	TaxID	Fragments	PropTotal	PropNonHost
Proteobacteria	1224	1022	1.3538512178977966e-5	0.7389732465654375
Actinobacteria	201174	282	3.7356755718902016e-6	0.2039045553145336
Firmicutes	1239	38	5.033889068504527e-7	0.0274765003615329
Bacteroidetes	976	20	2.649415299212909e-7	0.014461315979754157
Deinococcus-Thermus	1297	17	2.2520030043309727e-7	0.012292118582791034
Crenarchaeota	28889	4	5.298830598425818e-8	0.0028922631959508315
