Taxon	TaxID	Fragments	PropTotal	PropNonHost
Proteobacteria	1224	41	5.718270571827057e-6	0.45054945054945056
Actinobacteria	201174	32	4.463040446304045e-6	0.3516483516483517
Firmicutes	1239	11	1.5341701534170154e-6	0.12087912087912088
Fusobacteria	32066	4	5.578800557880056e-7	0.04395604395604396
Bacteroidetes	976	3	4.184100418410042e-7	0.03296703296703297
