Taxon	TaxID	Fragments	PropTotal	PropNonHost
Proteobacteria	1224	12	2.1015761821366024e-6	0.6666666666666666
Actinobacteria	201174	6	1.0507880910683012e-6	0.3333333333333333
