Taxon	TaxID	Fragments	PropTotal	PropNonHost
Homo sapiens	9606	3352	0.0009715942028985507	0.9925969795676636
Ramlibacter tataouinensis	94132	6	1.7391304347826088e-6	0.0017767249037607344
Corynebacterium xerosis	1725	5	1.4492753623188406e-6	0.0014806040864672786
Rhizorhabdus phycosphaerae	2711156	4	1.1594202898550724e-6	0.0011844832691738228
Bosea sp. RAC05	1842539	4	1.1594202898550724e-6	0.0011844832691738228
Luteibacter pinisoli	2589080	2	5.797101449275362e-7	0.0005922416345869114
Rhodococcus sp. PBTS 1	1653478	2	5.797101449275362e-7	0.0005922416345869114
Abiotrophia defectiva	46125	2	5.797101449275362e-7	0.0005922416345869114
