Taxon	TaxID	Fragments	PropTotal	PropNonHost
Homo sapiens	9606	4453	0.0009984304932735427	0.9988784208165097
Pseudomonas aeruginosa	287	5	1.1210762331838566e-6	0.0011215791834903544
