Taxon	TaxID	Fragments	PropTotal	PropNonHost
Homo sapiens	9606	3811	0.0008450110864745011	0.9950391644908616
Kaistia sp. 32K	2795690	5	1.1086474501108648e-6	0.0013054830287206266
Micrococcus luteus	1270	3	6.651884700665189e-7	0.000783289817232376
Fusobacterium hwasookii	1583098	3	6.651884700665189e-7	0.000783289817232376
Stenotrophomonas maltophilia	40324	2	4.434589800443459e-7	0.0005221932114882506
Brevibacterium aurantiacum	273384	2	4.434589800443459e-7	0.0005221932114882506
Pseudonocardia sp. DSM 110487	2865833	2	4.434589800443459e-7	0.0005221932114882506
Fannyhessea vaginae	82135	2	4.434589800443459e-7	0.0005221932114882506
