Taxon	TaxID	Fragments	PropTotal	PropNonHost
Homo sapiens	9606	3808	0.0009310513447432763	0.9939963456016706
Cutibacterium acnes	1747	8	1.9559902200488997e-6	0.0020882276168102325
Brevundimonas diminuta	293	6	1.466992665036675e-6	0.0015661707126076742
Archangium gephyra	48	3	7.334963325183375e-7	0.0007830853563038371
Thiopseudomonas alkaliphila	1697053	2	4.889975550122249e-7	0.0005220569042025581
Methylotuvimicrobium buryatense	95641	2	4.889975550122249e-7	0.0005220569042025581
Burkholderia multivorans	87883	2	4.889975550122249e-7	0.0005220569042025581
