Taxon	TaxID	Fragments	PropTotal	PropNonHost
Homo sapiens	9606	5255	0.0010947916666666667	0.9984799543986319
Cutibacterium acnes	1747	6	1.25e-6	0.0011400342010260307
Tetrasphaera sp. HKS02	1813880	2	4.1666666666666667e-7	0.0003800114003420103
