Taxon	TaxID	Fragments	PropTotal	PropNonHost
Homo sapiens	9606	5721	0.00091536	0.9996505329372707
Leifsonia sp. PS1209	2724914	2	3.2e-7	0.00034946706272933774
