Taxon	TaxID	Fragments	PropTotal	PropNonHost
Homo sapiens	9606	7591	0.001028590785907859	0.9972411981082502
Klebsiella aerogenes	548	6	8.130081300813008e-7	0.0007882291119285339
Caulobacter sp. FWC26	69665	5	6.775067750677507e-7	0.0006568575932737783
Streptomyces sp. So13.3	2136173	5	6.775067750677507e-7	0.0006568575932737783
Staphylococcus epidermidis	1282	3	4.065040650406504e-7	0.00039411455596426696
Caulobacter vibrioides	155892	2	2.7100271002710025e-7	0.0002627430373095113
