Taxon	TaxID	Fragments	PropTotal	PropNonHost
Homo sapiens	9606	5808	0.0007513583441138422	0.9955433664724032
Clostridium botulinum	1491	9	1.1642949547218628e-6	0.0015426808364758314
Klebsiella pneumoniae	573	7	9.055627425614489e-7	0.0011998628728145354
Cutibacterium acnes	1747	6	7.761966364812419e-7	0.0010284538909838875
Halomonas sp. NyZ770	2883106	2	2.58732212160414e-7	0.00034281796366129587
Massilia sp. NP310	2861282	2	2.58732212160414e-7	0.00034281796366129587
