Taxon	TaxID	Fragments	PropTotal	PropNonHost
Homo sapiens	9606	5883	0.0008767511177347243	0.9979643765903308
Alcaligenes faecalis	511	4	5.961251862891207e-7	0.0006785411365564037
Halomonas tianxiuensis	2497861	3	4.4709388971684053e-7	0.0005089058524173028
Phycicoccus sp. HDW14	2714941	3	4.4709388971684053e-7	0.0005089058524173028
Cutibacterium acnes	1747	2	2.9806259314456035e-7	0.00033927056827820186
