Taxon	TaxID	Fragments	PropTotal	PropNonHost
Homo sapiens	9606	4663	0.000884819734345351	0.9967935014963659
Halopseudomonas sp. RR6	2918528	5	9.487666034155598e-7	0.0010688328345446773
Corynebacterium tuberculostearicum	38304	4	7.590132827324478e-7	0.0008550662676357417
Pseudomonas sp. NS1(2017)	2025658	3	5.692599620493359e-7	0.0006412997007268063
Methylorubrum sp. B1-46	2897334	3	5.692599620493359e-7	0.0006412997007268063
