Taxon	TaxID	Fragments	PropTotal	PropNonHost
Homo sapiens	9606	6034	0.0009517350157728706	0.9955452895561788
Cutibacterium acnes	1747	14	2.2082018927444797e-6	0.0023098498597591156
Corynebacterium tuberculostearicum	38304	6	9.463722397476341e-7	0.000989935654182478
Stenotrophomonas maltophilia	40324	3	4.7318611987381705e-7	0.000494967827091239
Modestobacter sp. L9-4	2851567	2	3.1545741324921137e-7	0.00032997855139415937
Lactococcus lactis	1358	2	3.1545741324921137e-7	0.00032997855139415937
