Taxon	TaxID	Fragments	PropTotal	PropNonHost
Homo sapiens	9606	7169	0.0009214652956298201	0.9987461688492616
Sutterella wadsworthensis	40545	3	3.8560411311053987e-7	0.00041794371691278906
Xanthomonas arboricola	56448	2	2.570694087403599e-7	0.00027862914460852607
Pseudomonas stutzeri	316	2	2.570694087403599e-7	0.00027862914460852607
Actinomyces qiguomingii	2057800	2	2.570694087403599e-7	0.00027862914460852607
