Taxon	TaxID	Fragments	PropTotal	PropNonHost
Homo sapiens	9606	6537	0.0010629268292682928	0.9995412844036697
Brevundimonas naejangsanensis	588932	3	4.878048780487804e-7	0.00045871559633027525
