Taxon	TaxID	Fragments	PropTotal	PropNonHost
Homo sapiens	9606	4790	0.0009264990328820116	0.9968782518210197
Halopseudomonas salegens	1434072	3	5.802707930367504e-7	0.0006243496357960458
Luteipulveratus mongoliensis	571913	2	3.8684719535783366e-7	0.0004162330905306972
Streptomyces asoensis	249586	2	3.8684719535783366e-7	0.0004162330905306972
Mycobacterium rufum	318424	2	3.8684719535783366e-7	0.0004162330905306972
Cutibacterium acnes	1747	2	3.8684719535783366e-7	0.0004162330905306972
Egicoccus halophilus	1670830	2	3.8684719535783366e-7	0.0004162330905306972
Clostridium botulinum	1491	2	3.8684719535783366e-7	0.0004162330905306972
