Taxon	TaxID	Fragments	PropTotal	PropNonHost
Homo sapiens	9606	5799	0.0008308022922636103	0.9721709974853311
Clostridium botulinum	1491	116	1.66189111747851e-5	0.01944677284157586
Bacillus cereus	1396	22	3.151862464183381e-6	0.0036881810561609388
Ornithinimicrobium flavum	1288636	7	1.002865329512894e-6	0.001173512154233026
Brevundimonas diminuta	293	6	8.595988538681949e-7	0.001005867560771165
Acidovorax antarcticus	2743470	5	7.163323782234957e-7	0.0008382229673093043
Blastochloris viridis	1079	4	5.730659025787966e-7	0.0006705783738474435
Achromobacter xylosoxidans	85698	4	5.730659025787966e-7	0.0006705783738474435
Melittangium boletus	83453	2	2.865329512893983e-7	0.00033528918692372173
