Taxon	TaxID	Fragments	PropTotal	PropNonHost
Homo sapiens	9606	8127	0.0010209798994974873	0.998280309544282
Cutibacterium acnes	1747	5	6.28140703517588e-7	0.0006141751627564182
Pseudomonas phragmitis	1931241	3	3.7688442211055275e-7	0.00036850509765385086
Pseudomonas stutzeri	316	3	3.7688442211055275e-7	0.00036850509765385086
Streptococcus salivarius	1304	3	3.7688442211055275e-7	0.00036850509765385086
