Taxon	TaxID	Fragments	PropTotal	PropNonHost
Homo sapiens	9606	4248	0.0008496	0.9939167056621432
Pseudomonas orientalis	76758	9	1.8e-6	0.0021057557323350493
Hyphomicrobium nitrativorans	1427356	7	1.4e-6	0.0016378100140383716
Pseudonocardia abyssalis	2792008	6	1.2e-6	0.0014038371548900327
Janthinobacterium sp. LM6	1938606	4	8.0e-7	0.0009358914365933552
