Taxon	TaxID	Fragments	PropTotal	PropNonHost
Homo sapiens	9606	3765	0.0008921800947867299	0.9992038216560509
Cutibacterium acnes	1747	3	7.109004739336493e-7	0.0007961783439490446
