Taxon	TaxID	Fragments	PropTotal	PropNonHost
Homo sapiens	9606	4939	0.0008649737302977233	0.9987866531850353
Delftia acidovorans	80866	4	7.005253940455342e-7	0.0008088978766430738
Comamonas testosteroni	285	2	3.502626970227671e-7	0.0004044489383215369
