Taxon	TaxID	Fragments	PropTotal	PropNonHost
Homo sapiens	9606	7243	0.0011125960061443931	0.9957382458069838
Pseudomonas sp. DY-1	1755504	10	1.5360983102918588e-6	0.0013747594171020072
Cutibacterium acnes	1747	6	9.216589861751153e-7	0.0008248556502612042
Stenotrophomonas rhizophila	216778	3	4.6082949308755763e-7	0.0004124278251306021
Achromobacter xylosoxidans	85698	3	4.6082949308755763e-7	0.0004124278251306021
Acidovorax sp. T1	1858609	3	4.6082949308755763e-7	0.0004124278251306021
Bradyrhizobium quebecense	2748629	2	3.0721966205837175e-7	0.00027495188342040145
Micrococcus luteus	1270	2	3.0721966205837175e-7	0.00027495188342040145
Aerococcus urinaeequi	51665	2	3.0721966205837175e-7	0.00027495188342040145
