Taxon	TaxID	Fragments	PropTotal	PropNonHost
Homo sapiens	9606	4835	0.0009174573055028463	0.994242237302077
Pseudomonas aeruginosa	287	5	9.487666034155598e-7	0.0010281719103434094
Brevundimonas naejangsanensis	588932	5	9.487666034155598e-7	0.0010281719103434094
Massilia sp. NP310	2861282	4	7.590132827324478e-7	0.0008225375282747275
Cutibacterium acnes	1747	4	7.590132827324478e-7	0.0008225375282747275
Achromobacter pestifer	1353889	3	5.692599620493359e-7	0.0006169031462060457
Klebsiella pneumoniae	573	3	5.692599620493359e-7	0.0006169031462060457
Micrococcus luteus	1270	2	3.795066413662239e-7	0.00041126876413736374
Gardnerella leopoldii	2792978	2	3.795066413662239e-7	0.00041126876413736374
