Taxon	TaxID	Fragments	PropTotal	PropNonHost
Homo sapiens	9606	5019	0.0009346368715083799	0.9950436161776368
Bradyrhizobium guangdongense	1325090	4	7.448789571694599e-7	0.0007930214115781126
Pseudomonas libanensis	75588	4	7.448789571694599e-7	0.0007930214115781126
Alcaligenes faecalis	511	4	7.448789571694599e-7	0.0007930214115781126
Arthrobacter sp. Helios	2828862	4	7.448789571694599e-7	0.0007930214115781126
Brevundimonas sp. SGAir0440	2579977	3	5.58659217877095e-7	0.0005947660586835844
Sphingomonas paucimobilis	13689	3	5.58659217877095e-7	0.0005947660586835844
Pseudomonas azotoformans	47878	3	5.58659217877095e-7	0.0005947660586835844
