Taxon	TaxID	Fragments	PropTotal	PropNonHost
Comamonadaceae	80864	3	4.8e-7	0.42857142857142855
Microbacteriaceae	85023	2	3.2e-7	0.2857142857142857
Pseudomonadaceae	135621	2	3.2e-7	0.2857142857142857
