Taxon	TaxID	Fragments	PropTotal	PropNonHost
Pseudomonadaceae	135621	14	2.8e-6	0.3783783783783784
Caulobacteraceae	76892	6	1.2e-6	0.16216216216216217
Pseudonocardiaceae	2070	5	1.0e-6	0.13513513513513514
Hyphomicrobiaceae	45401	4	8.0e-7	0.10810810810810811
Burkholderiaceae	119060	3	6.0e-7	0.08108108108108109
Oxalobacteraceae	75682	3	6.0e-7	0.08108108108108109
Xanthomonadaceae	32033	2	4.0e-7	0.05405405405405406
