Taxon	TaxID	Fragments	PropTotal	PropNonHost
Pseudomonadaceae	135621	4	8.968609865470852e-7	0.4
Sphingomonadaceae	41297	2	4.484304932735426e-7	0.2
Microbacteriaceae	85023	2	4.484304932735426e-7	0.2
Streptomycetaceae	2062	2	4.484304932735426e-7	0.2
