Taxon	TaxID	Fragments	PropTotal	PropNonHost
Comamonadaceae	80864	6	1.0507880910683012e-6	0.46153846153846156
Pseudonocardiaceae	2070	3	5.253940455341506e-7	0.23076923076923078
Moraxellaceae	468	2	3.502626970227671e-7	0.15384615384615385
Xanthomonadaceae	32033	2	3.502626970227671e-7	0.15384615384615385
