Taxon	TaxID	Fragments	PropTotal	PropNonHost
Propionibacteriaceae	31957	6	1.25e-6	0.375
Pseudomonadaceae	135621	5	1.0416666666666667e-6	0.3125
Weeksellaceae	2762318	3	6.25e-7	0.1875
Intrasporangiaceae	85021	2	4.1666666666666667e-7	0.125
