Taxon	TaxID	Fragments	PropTotal	PropNonHost
Caulobacteraceae	76892	9	1.2195121951219512e-6	0.2727272727272727
Enterobacteriaceae	543	7	9.48509485094851e-7	0.21212121212121213
Streptomycetaceae	2062	5	6.775067750677507e-7	0.15151515151515152
Comamonadaceae	80864	4	5.420054200542005e-7	0.12121212121212122
Staphylococcaceae	90964	4	5.420054200542005e-7	0.12121212121212122
Rhizobiaceae	82115	2	2.7100271002710025e-7	0.06060606060606061
Brevibacteriaceae	85019	2	2.7100271002710025e-7	0.06060606060606061
