Taxon	TaxID	Fragments	PropTotal	PropNonHost
Xanthomonadaceae	32033	3	3.8560411311053987e-7	0.25
Sutterellaceae	995019	3	3.8560411311053987e-7	0.25
Pseudomonadaceae	135621	2	2.570694087403599e-7	0.16666666666666666
Corynebacteriaceae	1653	2	2.570694087403599e-7	0.16666666666666666
Actinomycetaceae	2049	2	2.570694087403599e-7	0.16666666666666666
