Taxon	TaxID	Fragments	PropTotal	PropNonHost
Propionibacteriaceae	31957	14	2.2082018927444797e-6	0.45161290322580644
Corynebacteriaceae	1653	8	1.2618296529968455e-6	0.25806451612903225
Xanthomonadaceae	32033	3	4.7318611987381705e-7	0.0967741935483871
Geodermatophilaceae	85030	2	3.1545741324921137e-7	0.06451612903225806
Streptococcaceae	1300	2	3.1545741324921137e-7	0.06451612903225806
Pseudomonadaceae	135621	2	3.1545741324921137e-7	0.06451612903225806
