Taxon	TaxID	Fragments	PropTotal	PropNonHost
Pseudomonadaceae	135621	8	1.0050251256281407e-6	0.2962962962962963
Xanthomonadaceae	32033	4	5.025125628140703e-7	0.14814814814814814
Pseudonocardiaceae	2070	4	5.025125628140703e-7	0.14814814814814814
Microbacteriaceae	85023	3	3.7688442211055275e-7	0.1111111111111111
Rhodanobacteraceae	1775411	2	2.5125628140703517e-7	0.07407407407407407
Propionibacteriaceae	31957	2	2.5125628140703517e-7	0.07407407407407407
Streptomycetaceae	2062	2	2.5125628140703517e-7	0.07407407407407407
Streptococcaceae	1300	2	2.5125628140703517e-7	0.07407407407407407
