Taxon	TaxID	Fragments	PropTotal	PropNonHost
Sphingomonadaceae	41297	4	9.47867298578199e-7	0.3333333333333333
Pseudomonadaceae	135621	3	7.109004739336493e-7	0.25
Propionibacteriaceae	31957	3	7.109004739336493e-7	0.25
Corynebacteriaceae	1653	2	4.739336492890995e-7	0.16666666666666666
