Taxon	TaxID	Fragments	PropTotal	PropNonHost
Pseudomonadaceae	135621	11	2.0872865275142314e-6	0.3793103448275862
Comamonadaceae	80864	8	1.5180265654648955e-6	0.27586206896551724
Methylobacteriaceae	119045	4	7.590132827324478e-7	0.13793103448275862
Corynebacteriaceae	1653	4	7.590132827324478e-7	0.13793103448275862
Burkholderiaceae	119060	2	3.795066413662239e-7	0.06896551724137931
