Taxon	TaxID	Fragments	PropTotal	PropNonHost
Pseudomonadaceae	135621	5	7.451564828614009e-7	0.25
Alcaligenaceae	506	3	4.4709388971684053e-7	0.15
Sphingomonadaceae	41297	3	4.4709388971684053e-7	0.15
Intrasporangiaceae	85021	3	4.4709388971684053e-7	0.15
Halomonadaceae	28256	2	2.9806259314456035e-7	0.1
Comamonadaceae	80864	2	2.9806259314456035e-7	0.1
Propionibacteriaceae	31957	2	2.9806259314456035e-7	0.1
