Taxon	TaxID	Fragments	PropTotal	PropNonHost
Sphingomonadaceae	41297	7	2.028985507246377e-6	0.2
Comamonadaceae	80864	6	1.7391304347826088e-6	0.17142857142857143
Corynebacteriaceae	1653	5	1.4492753623188406e-6	0.14285714285714285
Boseaceae	2831100	4	1.1594202898550724e-6	0.11428571428571428
Enterobacteriaceae	543	4	1.1594202898550724e-6	0.11428571428571428
Xanthomonadaceae	32033	3	8.695652173913044e-7	0.08571428571428572
Rhodanobacteraceae	1775411	2	5.797101449275362e-7	0.05714285714285714
Nocardiaceae	85025	2	5.797101449275362e-7	0.05714285714285714
Aerococcaceae	186827	2	5.797101449275362e-7	0.05714285714285714
