Taxon	TaxID	Fragments	PropTotal	PropNonHost
Clostridiaceae	31979	9	1.1642949547218628e-6	0.3
Enterobacteriaceae	543	8	1.034928848641656e-6	0.26666666666666666
Propionibacteriaceae	31957	6	7.761966364812419e-7	0.2
Oxalobacteraceae	75682	3	3.8809831824062096e-7	0.1
Microbacteriaceae	85023	2	2.58732212160414e-7	0.06666666666666667
Halomonadaceae	28256	2	2.58732212160414e-7	0.06666666666666667
